Price,Promotion,Sales_Volume
21.854305348131312,0,844.489696581346
47.78214378844623,1,1524.7242008647615
37.93972738151323,1,1083.8936852018837
31.93963178886665,1,1212.7312969426223
12.020838819909644,1,2343.888921804639
12.01975341512912,0,2127.357878813981
7.613762547568976,1,2548.4416872750344
43.97792655987208,0,793.4440272143096
32.0501755284444,0,1157.4456024797253
36.86326600082205,0,1064.7851317314
5.92630224331111,0,1973.9966506580197
48.645943347289744,0,596.8599843751829
42.45991883601898,1,1247.042655709806
14.555259980522427,1,2050.8235750044228
13.182123524319527,1,1953.7433764970788
13.253202943404522,1,2046.2688963245093
18.690900933179197,0,1100.681609165547
28.614039423450702,1,1621.910891937529
24.43752583889521,0,1069.15600340296
18.105311308911887,1,1736.1227972894892
32.53338026250708,0,1059.9774223554832
11.277223729341882,0,1940.0837453886634
18.146509184084817,1,2139.268045677918
21.486282948216125,0,1041.3113908288808
25.523149289766618,0,1036.379893992934
40.33291826268561,1,1478.1666897170749
13.985320197126189,0,1383.9429153785525
28.140549728612523,1,1610.8568781422193
31.65865559879191,1,1660.250751841153
7.090268572399898,1,2093.6230518552757
32.339518335564726,0,1050.8895511622502
12.673585565928118,0,1352.9873340385157
7.927321684337578,0,1641.9068206796298
47.699849176399994,1,1132.9609115365076
48.45344148835517,0,227.79800864301097
41.37788066524075,1,1346.7585276348573
18.70761961280168,1,1934.8438518306134
9.395245130287275,0,1828.6406369748113
35.79048619304706,1,1471.0682410215204
24.80686221828206,0,1528.6222194463069
10.491720568015047,0,1710.2932834891299
27.28296095500716,0,1095.6300631247348
6.547483450184828,0,1828.0349971009118
45.91941809354519,0,731.077063000922
16.645099172000762,1,2010.419038905118
34.81350279592919,1,1463.7132543629007
19.026998424023493,1,1788.791709717944
28.403060953001486,0,1015.3279878997658
29.601962570447583,0,831.4200685266337
13.318450498648717,0,1950.3618336779264
48.63130824940514,1,792.2881054395889
39.880977051250156,0,664.9896489033139
47.27745237038851,1,937.9949757745051
45.2672307692442,1,1320.9679523115622
31.905499046498832,0,983.8450929466294
46.48434057604026,0,855.018197253539
8.982162592336378,1,2095.836997381135
13.819228808861533,0,1641.2219681789145
7.035228000974213,1,2121.8737493188223
19.639864884346895,0,1839.8338790242708
22.49047803602669,0,1087.7659751132967
17.210706429825315,1,2045.642949150646
42.29318791183682,0,857.9597388313152
21.053899701211517,1,1951.142828453954
17.642052935932135,0,1433.6808801464942
29.42132374212118,1,1591.3961477896794
11.341590123864318,1,2168.514590679892
41.098864133931784,0,737.6336756563487
8.354778965589688,1,2442.1324543912915
49.40991214702328,0,959.807235907572
39.751014618349586,0,695.9712044479456
13.942205669037758,0,1307.7732340130515
5.248495270562108,1,2324.8887322128858
41.695764280467536,1,1765.0689391168376
36.80858047314277,0,735.0076722117708
37.80532256184443,0,1193.6636842334806
39.70716560086756,1,1644.3251947892613
8.332009328034067,0,1639.322071817379
21.130957784492267,0,1479.867882302287
10.214107678630837,1,2519.2560942667824
43.83965416440171,0,608.9848268704515
33.04841570724011,1,1467.8314567623243
19.890411118369215,0,1286.9514836591948
7.860125762871064,1,2061.244880975295
18.9942044772048,0,1300.3183566706548
19.633249491203618,0,1166.2144619114401
37.83227802521289,1,1371.8483528954587
33.69008621098459,0,835.302767458734
44.924573415934695,1,1199.0199798801086
26.24967163228772,0,901.3307217906431
10.381741067223576,1,2254.723814426184
37.09601542503478,1,1553.8253295707416
39.23532718776038,1,924.1930558528975
30.25747389062733,1,1667.0870972506946
39.69352309795524,0,1054.728105556001
27.220801836397584,0,941.4477411698315
28.522977322189732,1,1978.8251577018486
24.239345826134734,1,1856.623427089167
6.143860703484283,1,2174.6818077437897
9.8551142146987,0,1693.1927580274978
6.414313355903041,0,1919.2359818272532
33.63846850687012,0,1006.0470230763788
19.1460191484347,0,1533.3706240362328
27.885681102411624,1,1479.294848311778
45.84049132667418,1,1158.65742500699
16.21815031169937,1,1730.7125912680228
23.46723153660334,0,1273.7378416321599
38.99980123443719,0,649.2244346739262
15.29591744712301,0,1394.0164880683562
8.464095942295685,1,2493.295756773217
18.038815381119562,1,2177.097562685267
12.2549579264302,0,1754.1788863885292
46.83639435541579,1,876.4456164030105
41.365417080398764,0,695.7557976490766
33.503169042969056,0,1237.524468706765
44.215726558447294,1,1201.871585974562
41.165243460460154,0,1228.9086041825342
13.395652649871613,1,2176.7939883827257
45.165154932049,0,683.4551753365363
29.270400886204282,1,1560.0646805733713
41.334806982382815,1,1286.663971484972
45.324108496557194,1,1109.7827778271753
19.310156373733875,0,1562.3170441257018
9.952336603745454,0,1892.7703652465532
15.257082314387375,1,1885.089638466789
24.219850488181535,1,1507.1578946429981
41.81066446651219,0,378.4389913839749
43.732876246535454,0,789.611977986445
5.312845873903582,0,1619.9413025481178
27.983628615990458,1,1229.9130229297898
23.783495141695056,0,1364.2108666553413
14.99485147118286,0,2048.7543593510723
10.393941530015727,1,2186.9675717915493
20.192682713163258,0,1561.9176734954306
47.43093667606336,0,593.4377714276121
19.544131940933987,0,1393.8981111337519
28.345577978451473,1,1833.4479572440096
36.635853150283005,1,1342.8694966537796
21.363332107068228,1,1912.578499602334
48.73019372244323,1,1102.4337495659058
48.310128272395005,1,917.07806109954
16.330203312141386,1,2208.502370543063
27.376182765157346,1,1643.7225657061979
18.539523941754634,0,1292.665249848792
17.81782224698604,0,1572.7673013044994
6.659912630953976,1,2120.5090247131734
32.43039502909536,0,1032.7243806009649
27.620556045298766,0,1169.5595193121962
7.316543806249521,1,2497.6827989788303
17.539090890647515,0,1568.766919856565
45.87196486849942,0,618.8356621959886
15.780285080013758,0,1690.1447074396447
11.52026924410504,0,1932.4334324803117
27.025374212490334,0,1300.8008348956623
49.35427043497703,1,1021.4424109193651
15.892487218017518,1,1760.8581369894425
35.246099633264535,1,1229.5942783869893
39.27288268979229,0,760.7685784352977
15.693689479657985,1,1907.286875178404
37.76973568753368,0,829.5136687769004
21.550240972366396,0,1364.8227558084295
33.453762376711076,0,1102.325679570014
33.50883698424026,0,980.6351348609738
29.10986078336413,1,1724.0045052643165
9.063039652448374,1,2241.0036933885726
42.58861230151571,0,327.2483176837544
19.435102923728113,1,1729.0798335244056
13.393332967993441,0,1569.3824998158736
6.834881369964377,1,2053.014610332847
31.59018244347088,1,1672.2802726951145
35.49039628290271,0,1241.4382779816583
5.746452301753527,1,2571.358801286857
28.044187623467643,0,1115.9857971099289
15.192309883907209,1,2342.375930852774
34.032775568425244,0,1008.750224387665
12.846489305224615,0,1547.1881266196538
36.09219821461097,1,1294.5535208534832
22.403090583524182,1,1767.4133451966488
47.152849493153056,0,507.7791514971627
11.188442486569697,1,2198.429969878007
20.347985797261632,1,1921.6752222921239
10.106308455826507,0,1697.4199503558875
46.61121282253532,0,689.0512492732103
44.48027090214415,1,1403.721127892944
16.607373247182004,0,1691.6896296728046
34.69928207153806,0,662.0419441638776
41.77499900905471,0,235.9658027479677
29.984036521975806,1,1787.3428865885805
28.83427602602029,1,1361.595979536307
15.883353090520325,0,1478.5463269058534
9.189624551265464,1,1990.2886582501642
45.374709107899704,0,278.36263924700484
45.51881257234987,1,1242.7281684704612
33.48956557729706,0,1147.1440647416177
20.25634059719153,0,1277.00770193891
20.714430857569738,1,1360.3586158439257
37.668005549160775,0,760.7109438746802
45.36996169786597,1,1217.2619501445301
44.91888909193028,1,856.6510134872658
40.09439956359307,0,833.8399970480389
33.891424076942954,0,980.1953078571122
8.786298424777197,1,2352.2693471769016
12.27329213425762,0,1655.717309655102
45.43493848371857,0,442.3380573121319
32.289307684681546,0,1270.6350697924518
5.4138673227483345,0,1805.878065712156
9.566219428971444,0,1707.5525092288703
34.85757960986251,1,1267.6190198894856
5.227771273079841,1,2254.5104115693025
12.236362313787438,0,1455.9485877809966
29.693020521496376,0,1074.6201723704241
36.135283896171195,0,1258.283179143333
34.338256677617025,1,1195.472071085218
15.09211892572519,0,1224.524152652896
37.04806496063912,1,1682.7921166795481
15.676208937356003,1,1987.8489964489465
19.642986417167048,1,1776.8958597530052
38.592113230311085,0,1050.2175405698827
34.23348045712466,1,1351.8724783388875
43.215053472238004,0,1068.750338542247
34.592580153515456,1,1597.80776966239
30.573887150096223,0,985.2011038679726
9.215364552264163,1,2655.000706085176
21.54721113767451,0,1232.440681269097
16.934106545677643,1,2140.395878031532
15.97953395205876,0,1580.4724975195356
48.785474963860054,0,796.7840089639578
22.689397610004217,0,1631.620311045244
45.1420949829701,0,652.1379803240503
33.401238169876834,1,1347.2792808344582
40.76650865937418,1,1368.9991688065977
27.618669189733644,0,1035.8968503575693
30.96067480818616,1,1973.8572052597399
27.163296221848874,0,1212.4081795610814
13.785934450912002,0,1513.3576562102182
37.510345186767736,1,1411.6257055699496
17.63475630983851,0,1201.5320527989052
6.0942184894154225,0,1622.8506376154069
34.046253315822554,1,1718.6951821142086
12.969980573317201,0,1479.5217270062049
47.320636295881144,0,370.9987145871778
47.92678596511643,0,669.5269715519644
46.16889755992018,0,852.0739041349939
21.657141511495,1,1994.0764167881632
5.695547743799034,1,2528.343104847192
46.77433531644764,1,945.4109227926785
24.268286674279146,0,987.5892664232568
48.49946685696513,0,845.2827246821435
48.36289896901638,1,984.5770631610815
43.3854254960312,0,648.2706318280544
18.250200143131355,0,1718.1328240758708
22.329397787086638,0,1441.3640682675327
43.30115021825856,0,792.1430478685647
19.261490232032493,1,2355.155762019242
12.627173600874162,1,1992.4811458977465
30.05605681062576,1,1783.8863212974748
47.12696483723514,0,597.5936798623627
36.32134085037379,1,1464.0782302614377
30.652752654021423,1,1886.1111056618636
9.372942219684585,0,1820.3788846673872
32.67532520146264,0,1127.3994597660474
49.552423254691846,1,1227.928769821205
11.30378068564358,1,2087.8960335221154
28.324834356368154,1,1482.4130358411542
44.48178823675799,1,956.5845140930535
38.3345877989392,0,456.69104815662376
36.36570834478706,1,1820.2701756444526
36.611783779419916,1,1181.004813473066
21.177101804888984,0,1320.4362211361763
18.2116329919022,1,1898.2883502651498
41.421251996533115,0,818.8437796658267
41.455102760563136,0,919.4943596909652
44.01825433610467,0,851.5470675888089
46.09582486504121,1,1000.509766334976
28.010407948742202,1,1626.2634187804515
27.568233260923982,0,1229.4689922699404
40.92328305350488,1,1222.563283158144
34.24837688499943,1,1794.0178086540154
36.588509476596656,0,1000.5397060297505
40.81067012462455,0,922.6554534712268
45.05024038179048,1,1281.069042279768
20.209782058319114,0,1628.4013097474915
21.901232868797482,1,1879.167325676817
9.229187292839105,1,1963.7579916236575
31.022606344827828,1,1649.2594000056934
6.617402320853394,1,2171.2065516160324
25.95191081596071,0,1115.7193391712276
29.419008561840947,0,1234.7025468957904
17.8943563457728,0,1710.825923913543
31.587496725605483,0,1056.6294135790479
6.372511247257224,1,2370.591265102076
6.6806684937146485,1,2640.022934115608
42.01702522968462,0,787.639879007175
21.20857886350683,1,2384.079256930874
10.717723069334816,1,2291.5702370462645
28.500946702466198,1,1292.8190470948505
39.64970988943749,0,961.1770275377819
14.711946237357942,0,1634.8732898558171
33.03007141185501,0,1267.0484084608988
8.84063592471956,1,2369.417192512405
7.325677452587346,0,1752.5384796256249
28.91095842056666,0,887.8116001251271
29.328580472454792,0,1078.3379343691513
33.6843455674193,0,819.365542135561
37.67411001751977,0,753.6720095134622
48.91334357581406,0,650.3153736097001
28.23351567355379,1,1986.9754306636676
19.533041282356066,1,1992.9430674939142
40.78337876459167,0,537.3220246552132
17.187451306793342,0,1573.296994440228
24.753713931753623,1,1996.7148793765216
8.530537160401968,1,2122.1273043240644
6.1407834536955885,0,1788.9730630545487
48.31917866050663,0,553.3622791306406
42.61910542304926,0,564.4471746920742
36.31883927421641,0,1040.0909085422795
23.402882498642146,1,1773.7238953191795
12.798244403188061,0,1699.959156685764
12.039666920198872,0,1461.3115568336138
16.26093041740679,0,1424.6804274131143
29.71519991177542,0,1253.0202742122915
37.156816521502805,1,1310.7288739365624
34.70888195229791,1,1804.1263116777438
17.59702536256743,1,1892.1620020000569
47.96893762984374,0,605.868816255065
38.20536125130958,0,1040.3573288353305
29.945932363013032,1,1317.9488825230028
32.527433580545846,0,672.0152301874696
23.882002809250547,0,978.4086528084646
16.147894527552086,1,2268.079984858874
21.01877053930677,1,1759.0652546423075
39.10307497089661,1,1838.5476080067524
5.647706988339014,1,2217.719270618352
10.223268822811232,0,1730.2121959550705
7.070118890978874,0,2096.318423784209
6.8327961043536565,1,2696.234694501215
43.495726280495326,0,1107.4289269124197
36.664603672101066,1,1641.7351359555964
26.337822308929635,1,1914.6778358944034
9.402537229295067,0,1836.4292729613846
27.122714380257456,1,1841.9907838256038
26.306229685125455,0,1100.5759661805298
12.794084145950684,0,1452.5376989370181
24.523324215708787,0,1263.625382046546
22.932713047881805,0,1277.9816840585602
32.71325441234974,1,1427.9567577640526
33.579214289043975,0,1131.9010608200238
7.038680439742003,1,2479.900628521842
21.857567658191204,1,1861.9543475126331
33.16369620714064,1,1800.595129996833
27.641131636103946,1,1442.4282280901805
43.542042853474506,0,655.0068225398212
34.64121342285253,0,817.399133193863
12.332049218664336,1,1756.731200025458
8.175593633019343,1,2238.19605384088
33.9088675192842,0,958.3844727448172
6.193008974372981,1,2616.8996794172367
31.35990115730585,0,1185.36530219178
47.31036086412309,1,875.8518092104664
30.896338004414552,0,1443.9283731344012
22.467646679293487,1,2070.177338726266
33.947969829905894,1,1597.9804457965463
25.62138007211825,0,1186.0617780664863
29.552755519217072,1,1421.5294870787918
47.36591639494363,1,1004.5811529374804
22.37461870103484,0,1546.511162909792
48.25357537207614,1,1429.3100000246377
45.74077888802287,0,936.4253390137518
13.81060106551834,0,1487.912083677195
8.121258539382445,1,2032.4387571607244
9.535010061984199,1,2242.126947522715
5.819982154319738,1,1971.7126622578376
9.249933234016778,1,2287.135545816453
35.73530480373606,1,1398.4203386281847
8.203489180710305,1,2160.688024205042
19.35390336321926,1,1600.4422856500632
43.019388993625455,0,812.1383515051796
6.047237108112164,1,2212.042718824253
41.65108171650211,0,516.4841813628789
17.683464864802996,1,1395.0436113995802
10.317417242974532,1,2184.9745017006367
36.353172441386775,0,1263.8551460923454
33.302428105094776,1,1833.1789997567307
44.48624060871738,1,1073.9935304212242
38.07819697117486,0,737.2116787923981
41.156641867318186,1,1359.055595195459
17.69155576570879,1,1769.576239191078
12.984779470087528,1,2170.814995861267
38.77766382383862,0,989.8861409617792
41.30756326702688,1,1506.1597467660552
49.5727313900303,1,992.7872430031005
23.567795461014192,1,1752.2313861341813
21.740813860675242,1,1672.1790668284305
39.938583233389856,0,636.4664321903323
20.336159311385803,0,1344.6194422781205
46.88407965216041,1,1166.9507117984233
43.62857383293553,1,1373.859710258584
24.304731231875827,0,1110.2222729076561
38.78919805061738,0,1134.861772273383
38.95442933381071,1,1277.142399777165
9.640574097616968,0,1706.5093182018038
45.6148808005805,1,982.1112401530204
27.736356760153573,0,683.0612451408044
42.190585974848375,0,911.0915000267586
19.402232046377527,0,1565.3018180271608
45.29854528232902,0,584.7781301064865
22.51407554303734,1,1837.9758771538543
5.487694316613426,0,1938.557014042417
45.74218893886687,0,315.2251604566855
9.10790045537601,1,2120.952450869461
19.36911369156867,0,1577.7795251773052
47.75278851728622,0,316.5584598475636
47.77732161219002,1,1125.3919380676252
30.804704965547874,0,804.5424901088829
33.43267454764097,1,1590.3057600574762
25.18004848902439,1,1737.4702488697715
18.194484726412902,1,1631.139095026511
19.789904541646216,1,2139.250734642048
35.26333052346673,0,795.1817689363884
38.8568538246956,1,1172.243897856256
40.621056967663186,0,821.482130416293
40.53281642575492,0,1013.7429771130954
9.104274637191066,0,1523.7073970885886
27.248913711616165,0,1194.8685586211095
7.590144200748993,0,1858.0589740436449
29.7287997045681,0,1246.7571303155858
24.868872561801965,0,1289.222134201386
44.94668822412349,0,578.1937854596308
20.79117556484354,0,1210.74668892495
10.268015739242264,0,1709.188304432007
11.434625692377614,1,1942.53342683155
39.26797842728625,1,737.690550482491
32.81981284923175,1,1602.717575354581
9.550520425525562,0,1894.2713554514721
8.784806275174883,1,1763.8693246363855
36.543610915660395,1,1201.7455315882005
8.274335286388709,1,2375.600793609379
41.98370266806603,0,1151.988013900359
36.780900222042334,0,900.7317348738115
8.66069512888549,0,1594.5785578876084
8.817697133833637,0,1698.889797764023
49.3987810325529,1,1293.01185285305
21.842185809025416,1,1715.5415899043305
21.678896618010093,1,1689.7947001296466
41.575980526587614,1,1156.171879765965
47.62618598227364,0,380.5486988800484
49.37004787202919,0,543.4326270380834
38.902018336652375,0,1157.875141594341
21.93168134889121,1,1906.6654141564695
8.757532251440095,0,1686.8033320315396
39.97161121673466,0,742.4894097148515
30.128191238111228,1,1283.5161011173318
24.08999041611393,1,1953.922242946014
45.78594732926312,0,610.8541407195461
10.00388670377681,0,1663.7874161685704
27.168129693088662,0,1823.5776227763122
5.510914014533858,0,1894.4231612371216
26.08972888973568,0,1066.9499232888925
7.5336474056826805,0,1688.719058588411
10.346806232063237,1,2419.2849548774543
10.288681104969719,1,2213.993648958461
34.21446359522286,1,1185.9104964798407
38.57201956694405,0,1026.6851999067192
31.251594429372183,1,1428.8233500110357
48.29776468135439,0,925.7266148028774
21.86917607856668,0,1559.9343307859292
17.857043882683733,1,1874.8243043877378
44.086960768525714,0,933.5944492912512
15.061812733375369,0,1561.7167201042196
48.345014274827506,1,1220.2043067796187
5.546951361041735,1,2430.538022627643
48.64454720184376,1,871.3922529465127
6.9421960377759255,0,1663.0241524032297
45.1014401164132,1,1352.9489600238362
28.746549908883495,1,1570.648436312187
49.68341582536851,0,428.76783259054514
8.320845413092949,1,2059.3501217373405
29.923442798059437,1,1687.0165291769092
48.61861410285945,1,1453.9465607628454
28.539402987656697,0,930.3113275194446
33.32293871608681,0,1005.1557298519473
36.308691004307775,0,1193.1833809538525
25.454347914549796,0,1220.441284314363
33.24011360378286,1,1593.270951136461
31.29414403653951,0,848.6969732744387
45.552110472094505,0,719.0981052786944
7.045087115365604,1,2251.218533538122
17.643343531650366,1,2167.8456931864616
47.76851678344514,1,1304.4217068095961
45.06187027509124,0,1166.0566201509855
25.504553875357082,0,1350.7900183820027
32.90596690106915,0,1077.9802562843588
17.48215323415097,1,2014.412263290938
13.465452187569259,1,2025.403175810785
25.8664282222992,0,1291.7039220233623
20.900850261172376,1,1813.8942101370228
31.264525033289242,1,1595.7564442552457
8.498058663424317,1,2508.577747218863
48.847766344977494,0,333.25849659474693
49.37948350158213,1,1246.5912071783453
36.417277130888536,1,1670.904699541317
29.12433648548542,0,1102.6562000372219
18.92874273288475,0,1007.7667382117386
41.62077588681269,1,1129.8123259767328
35.812902764924566,1,1685.011826364485
12.31776227052011,0,1625.8935194246203
45.99172330222291,0,420.3878544743306
42.0141759315426,1,1138.6197378080783
47.740996098136584,1,1235.894122356813
37.6573778774762,1,1479.6253773159897
32.60368381711054,1,1474.1030656527448
23.82093663307785,0,1212.007018644727
46.972781750930594,1,1012.4649176633178
43.97287502751838,1,996.3317122747483
7.034840154778523,0,2112.029933250533
6.18651385237634,1,2249.9404905864417
21.940851509512232,0,1585.2061588797324
41.47489988518248,1,1560.016213829016
49.4274258191725,1,1216.839405054417
11.768760099658769,0,1560.6131344666273
31.73588219084608,0,1128.6695523419396
22.14008854839597,1,1830.9582222699376
48.646147901657145,1,859.8751908042601
42.89535154110689,1,1278.011310111114
42.724791712001206,0,482.44829040800334
26.09119219077366,1,1954.800111969103
23.666877605194934,0,1197.0702123844735
17.30331823688178,0,1521.1323840681143
7.536897349291721,1,2330.5506538304767
43.912506931477395,0,630.8437973148627
41.58054541085349,1,1369.9223979694502
49.987295297875875,1,905.400409739219
49.84865766832574,1,1178.7997294416764
29.994426752118237,1,1330.9712613871031
39.60443368312297,1,1337.142905415593
47.51445784470926,0,962.352064470379
43.23413258048352,0,502.90975766437964
16.130664578443895,1,1880.5310685417128
25.27448608895421,1,1844.5469872631568
10.812173681817274,0,1711.5511459334016
47.93229622664251,0,632.1571330554366
32.2778585502896,0,1129.5016695208446
15.288926247655823,0,1668.2765062826793
35.22653079826355,1,1665.1440444433379
32.81577082060531,1,1597.490606767543
21.11732231147782,0,1318.228799731957
10.110091648983307,1,2331.211990771047
35.22079380167598,0,1323.3525729287637
28.413846540670697,1,1621.0578545033645
39.754327628103766,0,612.4643102227586
28.407357550039702,1,1869.1954073562033
43.34816751433431,0,675.4787417792512
29.83580774485185,0,670.3918584516373
30.242208719092382,1,1762.218073857313
44.44941211962553,0,559.4519992204497
23.156728979557865,1,1787.1914741524317
11.030685280278833,1,2235.4755077054383
6.295220434100254,0,1849.2433229328055
38.98117650531285,1,1472.4550682684223
32.91392981090591,1,1425.484831558854
36.68358956446506,1,1502.1134727012648
14.583387267900983,1,2010.5890464461872
11.13671640140464,1,2313.660604135361
5.654509955054687,0,1953.43819815097
20.776440146296864,1,1689.619055202175
31.54629590845849,1,1770.8075459812517
22.650982029487956,1,1713.2778500925517
24.686371491067806,1,1921.020414924195
45.68714125221868,1,1202.8432251137078
20.671496016048515,0,1747.491854877569
28.129527012191485,1,1611.4209931598853
40.26438557335144,0,722.2050735758173
22.844425204457156,0,1310.783322688739
32.993901510254304,0,949.5469981255159
43.80636689360353,0,845.7973735803041
47.72842806459389,1,744.8850363748656
11.618306641806708,0,1440.7143169165279
46.69644313226725,0,385.54612171614406
27.14523318857922,1,1875.7045227373387
16.620997473453127,1,2343.492750312791
25.661109030721757,1,1709.276885370853
49.101465887846466,0,493.1916787266038
27.16781422967913,1,1698.9760057322624
19.793822462937868,1,2138.560986633502
33.50303844425266,0,809.4382198343053
15.806552845018688,1,2073.4772111963966
8.413849764889877,1,2442.62403300979
10.799587485979215,1,2276.2312094085923
10.762062753099759,1,2215.054440726756
11.835621208053245,0,1845.140582271831
11.247222769223455,1,1621.936858323449
33.83936351614466,1,1620.394158421842
13.184603797961516,0,1473.6467494356698
20.555027749573846,1,1517.2225881414934
45.35547844577053,0,741.5761665318804
26.328273811829256,1,1984.8834946777138
35.04009823344622,0,921.3073500710749
12.754394204073343,0,1807.9430833183876
13.653005846390185,0,1912.8654762060237
6.839087731991549,0,2057.810258757063
12.602077838247403,1,2449.9305707268563
17.536565256438138,0,1622.3285405212343
12.965471792453606,1,2126.1225740067107
8.991614019067502,0,1409.8584170485412
10.428614199527036,0,1637.929076388199
25.73504456147266,0,1059.2993440925818
14.285017328260663,1,2505.638023651743
21.392143747163395,0,1323.058525098631
27.65377718846856,1,1695.0276457028403
36.067767288321434,1,1528.2640565584504
6.769046292849453,1,2305.649100489007
40.97346795090692,1,1609.806169558943
33.255517527090845,1,1377.8046018403843
8.679156437699236,1,2278.5467979164714
44.31103808480498,1,1022.174740316241
46.43925802393159,1,842.8177570379112
7.748508193468869,1,2145.1909360148766
17.459494166624168,0,1468.8078155915925
41.279057590687756,0,675.7678273759154
38.67168606726462,0,701.3652220072902
13.30344587103698,0,1319.6331311345239
14.420719550151963,0,1550.7572989697023
21.67124462561219,1,1548.918586425434
26.80353433359596,1,1847.9051627300416
32.82146471886332,1,1531.844009021001
21.601113780639757,1,1560.4562866878214
25.814062225991655,1,1663.7363178102778
38.63619221601905,1,1190.4829524013119
6.650744130076905,1,2364.312578181529
16.359662495480933,0,1777.300214340201
37.10073136480486,0,511.94356512670544
45.28430769592397,0,664.4759849517643
28.025484895204976,0,1127.2088940305225
28.945106836939203,1,1765.9148101819171
9.822740510289922,1,2247.9571103388403
25.13355650705546,1,1595.5994384405724
28.967776990476043,0,1067.1559031523952
15.911172663562835,1,1863.459648732417
17.115945392722143,1,2201.7230659380552
21.97778733970802,1,1844.9287095431478
5.903203899997687,0,2203.1420201506708
19.493562451243022,1,1903.0609636997851
14.51516031484451,0,1422.8638371725722
19.73738084800616,0,1105.1356960372498
10.389295931866304,0,1327.693186792822
45.07372763329527,0,330.96098240004386
31.71166040993219,1,1602.0755179043308
35.55960436150203,0,1034.9568738009257
40.51270573733022,0,468.38068747366657
27.429898951807576,1,1856.1106942609956
8.911412963934065,1,2136.04540074529
29.16979438183465,0,1154.2647709420705
31.407850310939562,1,1880.2086163228983
38.54477633829485,0,1023.0245730242607
24.42467958033557,0,1213.5534830087663
10.74111362580037,0,1499.5281461429315
17.769915760942602,0,1036.539446905861
21.33870333793858,1,1716.0082360133586
34.06627585992206,0,935.7856764367993
30.685023710101035,1,1382.0133832667323
21.024352665403082,1,1843.0180266194463
49.39318619568409,1,1033.574790721231
32.25986687105993,1,1487.2327975065864
15.675205628119752,0,1399.7433149917154
9.580211267918168,1,2246.3245963558006
11.87866126329494,0,1732.0282920150337
16.068097777302867,1,1799.8772511923448
12.230661796680005,1,2415.266622048854
13.39551608230876,0,1578.416891073885
17.82928259122312,0,1468.891446852276
12.801811788263967,0,1757.5885310033923
45.354444108189135,1,1186.0099030070262
8.6105185547739,1,2432.311770139432
28.60301253066146,0,1199.334457120521
23.467857214534767,0,1173.4768086358695
49.20703776088729,0,596.0895722146016
10.041750597562356,0,1470.002240608997
22.903501957058374,1,1834.6068824435536
48.6261694973916,0,534.5689169493598
43.94782066522911,0,639.9420085886187
41.7682431927176,0,721.2452019306859
16.605627217022292,0,1125.4613743898033
12.689941432552962,1,2009.5567754752187
35.08894489659939,0,965.9006333302411
46.82191951074136,1,1127.3136930772393
30.05433018562684,0,892.8350662460033
30.722571026145495,0,1331.4644373885753
17.59905921471279,1,1798.7932539157164
39.62718199363716,0,1005.0759802962325
13.416968685088552,1,2182.9298118216802
19.565565638190968,1,1783.7875688855104
24.144639737738753,0,1630.7229863897396
27.842467040800475,1,1425.9986224246898
15.908437958678611,1,2206.577695961642
10.167657113264159,1,2395.0867502106707
32.47790190987347,1,1391.538900888467
17.98837489581151,1,2238.8418131385206
31.155719964017553,1,1515.3190981596829
11.946322187339103,1,2199.3490602357983
26.651304583466786,1,1752.5252302502406
28.966524464821365,0,1104.1425177612496
7.332059157009211,0,1942.1998799216801
20.147192518726428,1,2054.2819685486497
11.04866046225384,0,1318.8337914847486
7.851873671274548,1,2525.311838437394
49.54821045754753,1,681.0552886664391
19.505923023862536,0,1621.3315501524555
41.44435006345857,1,1482.0105254617597
16.458829464369373,1,1788.041830025879
35.66762250007682,1,1347.8084674067786
39.210253695035895,1,1102.551455451736
31.803743327352993,0,1002.9034941216632
26.220928484757128,1,1651.7652886201379
23.532841136627084,1,1949.9468723550553
20.69907199443479,1,2141.0895893908782
46.828811491152166,0,874.2724174234261
42.377873350447814,1,1116.2301941709052
48.426210979993066,0,505.36929585130235
10.593375056849514,0,1345.5111098503246
37.889036384163994,1,1202.1548951758425
47.225320556946706,1,1276.2107099110904
13.155487977454706,0,1928.451925386005
7.992332031504987,1,2013.3602646788659
38.35042921805266,0,730.9942716278414
30.851290093096036,0,1069.1801458153336
42.882294954122244,1,1269.563383140254
11.289756948183028,1,1999.3865875701797
40.787029033695056,0,861.2013378819662
14.073229402148504,0,1483.0352485213616
12.364517428956702,0,1626.174022955643
12.391960906894681,0,1737.4980223938994
41.6558624104122,1,1251.6085816498216
34.933874931329,1,1364.7065739548163
28.53794411461037,1,1621.9397157765227
21.147371785557613,1,1847.9062545922045
44.47402433658987,1,1091.7770639258783
22.66002983401859,0,1268.439892446022
41.746974776220966,1,1567.3201908143144
24.76107088565983,1,1869.3517630184526
21.96249932412084,1,1782.0289566705426
25.82059035513229,1,1864.7731702481785
18.562004337386394,1,1876.3759719272064
38.6424221079313,0,1075.3522642793891
27.62241755416156,0,1245.255911814772
15.44957128160678,0,1515.0524327509506
45.48085579735558,1,1225.1177112413882
22.275104961794515,0,1017.5716207324647
29.459878750129487,0,890.8501437141542
45.79124499340461,1,887.4776489180506
33.090709816129646,1,1535.867324468852
10.260411831876382,1,2538.690644940727
47.29244556260638,0,1027.486662360335
33.2468623882138,0,1130.2043486417374
20.070752659568875,1,1998.0463152018253
11.267243269852425,1,1801.7711550738795
40.73113351716332,0,669.5312345382961
32.90327401678311,0,855.3450291148589
29.00574913893447,1,1505.6580061817426
45.225166237293095,1,1109.6162491642492
40.486874505103884,0,690.975649307458
11.825369587973803,1,1749.3789502856284
19.02749305079967,0,1578.7572596995167
16.18201129165096,0,1299.99105610251
38.47758316577046,0,893.5218778491162
6.508959563110072,0,2219.5477470566925
30.645035819209244,1,1396.772007106438
39.31064085833108,1,814.6232697008018
44.45445365427872,0,609.1655459956162
20.393678692215836,0,1608.381566233239
41.95657871024058,0,1132.9721295369015
9.978428162984326,0,1454.737236219987
43.090353128053316,0,806.6292508057047
10.73698980493921,1,2084.828214495813
22.877928075216527,1,1792.472486882677
40.878291460079915,1,1802.5199256010096
11.746284230694819,1,1847.017407400125
15.316312785468867,0,1591.2585487348488
37.501365577687984,0,968.4976670224472
37.401644144573346,0,1095.107940650669
33.85164347983838,0,1004.0473262990278
36.2276800010195,0,974.7797078702355
29.42259995064183,1,1538.992287996387
16.330957650812874,0,1563.8966587246352
20.556319707676373,1,1814.6719536702267
13.171897256064154,1,2229.157460289285
45.88027526001328,1,1049.669674990875
31.25263076447542,1,1637.8411558461746
23.038313754363795,0,1302.9980246320904
25.79026116398597,1,1951.5022152348547
47.62775028253169,1,1060.888746806352
11.900813140223608,1,1788.3691121519155
31.380342440755875,0,1310.9740269201222
27.76499054980097,0,985.9038233334472
32.51544059455915,0,893.7835144334614
5.814958271937823,1,2206.418993033167
44.24557590248682,1,1447.5203415595588
46.94532271176256,0,164.50547585138412
30.430993261514402,1,2214.619908886567
36.34928707446015,0,1120.7327495794057
46.512472152978305,0,649.2736182364827
36.82573854410293,1,1384.2490435536547
11.86425693114176,1,2201.1831070372787
30.93297620750659,1,1676.23519945067
32.302177087228515,1,1659.977804573156
24.08588020860737,0,1388.5444869424687
38.13999060311253,0,873.716418157674
47.04651566460567,0,549.1368460003646
46.650583080804935,0,570.2278508451496
25.287771713185943,0,1202.3851925338854
10.095712062833986,1,2423.8826574883933
49.317853953305054,0,639.1757258570208
42.75041389006704,0,129.4098563651329
10.609820654147008,0,1812.885535681542
46.437884717781756,1,1145.8106974103023
44.145336292795776,1,1171.898159926947
28.347712570673245,1,1571.8649322620254
31.607394608521815,1,1776.6007057415484
22.955121674155862,0,1500.8516421998957
7.4642737469914096,0,1621.496254025536
20.08387587406554,1,1978.894181202941
41.12840518691051,1,1071.8164974844274
5.208441035207128,0,1567.8231359860001
20.007462726101487,0,1274.4326732989623
22.91759121159245,1,1984.9509581287782
29.18280213220653,1,1815.1409451090215
46.39350273857422,1,1210.812001862232
20.585569746468256,1,2027.4520649755518
20.612894085330247,0,1484.8488348630842
38.18755616493868,0,726.0769960072492
25.349807340041323,0,1325.8902887335482
15.107217032299188,1,2206.8653940765607
25.3597782259712,1,1890.0649191835787
11.338565917090992,0,1897.6256967821987
12.937414392780049,0,1753.5383376568113
27.426549773276587,0,1247.493148310019
23.851645227704655,0,1498.4806908321457
46.168065548064504,1,1109.6537817082528
21.30772546024849,0,1184.3933059470019
31.126475762511955,0,1033.5923343358886
33.45189295637887,0,847.4626823473441
5.5892505464750135,0,1697.2868286108733
34.85918174075198,0,925.3208136343371
13.011618509138815,0,1451.1674605258434
48.24816428612548,0,490.96276548842764
11.689822748890084,1,1770.5823841425404
23.658085567716068,1,1832.9161744431058
8.840735063538974,1,2235.0190431662754
49.85934133306763,1,840.8020337943328
27.598775464905916,0,1303.8858697393036
31.79232577940197,1,1733.7442541432524
8.018441482479236,1,1937.934782651828
38.748221167963,0,685.0084092478671
14.445751689301359,0,1412.7989793634995
45.41244302483212,1,949.6460890332634
14.231283821690322,1,2238.95645373564
13.580947429864995,0,1553.8063493494894
6.64473505316427,1,2247.7549801429495
26.243012529949965,0,811.9371512201503
30.41785099681774,0,1214.548076137313
7.956888774275857,0,1513.4416578010296
39.89874275127548,0,815.0242435150012
25.397997563661242,1,1793.5354606818012
28.597562119741102,0,1414.204855575497
24.834323612220267,0,993.2062118095696
23.03433773938967,1,1205.0674366541448
30.183814908869806,0,1131.2554616846448
11.985811066882063,1,2500.5279042957086
13.1867658722872,1,2352.1862944192717
43.78035294560828,1,1228.5212946866768
47.575195796013475,0,474.4168889931864
21.798919232588883,1,2007.4569423497958
17.183510291459918,1,1789.7854513153088
33.97997944575571,0,1075.8721704985726
23.39303769941434,1,1899.302900850895
6.142386004715519,1,2527.77040135831
12.026866881478567,1,2691.1260013378587
37.21875029813289,1,1461.920684491767
34.65157738595681,1,1358.659953279796
6.219319662656757,0,1808.3055476818984
14.988747286982726,1,1696.5224004126944
15.398365846463212,1,1899.1063983882918
35.23517346194278,0,861.0883085190958
5.886974198946387,0,1718.5730944446898
9.684886189305823,0,1739.9243887275695
40.99622384179352,1,1105.6292982697541
13.034509792445013,0,1833.170839691544
34.37357485333436,1,1468.8341673836087
15.718225147102693,1,2026.5931813591963
9.474862674170533,0,1650.1751764723003
15.942748594975434,0,1552.7556789225328
37.50201193350466,1,1539.9592949283872
43.50634106478286,0,521.3837249143342
42.359893905514625,1,1097.57988501951
22.873258832830466,0,1253.0570292597529
35.063831145679075,0,678.9108809349848
14.224293293711943,0,1409.419629244342
18.191647861745597,1,1859.0063894387004
45.33511183345039,0,814.8244811390337
5.5850865579831215,1,2384.9596690608914
8.847883888451063,1,2273.281465619977
14.35488148157123,1,2239.5331479864576
6.193949174321887,1,2286.7071670904643
13.164594579040878,0,1683.1551326145516
31.236870243636147,1,1542.2495421044162
23.964104776662406,1,1834.1493265800534
45.17022699846387,0,528.3414585237674
41.78496027822984,1,758.6877599978191
20.38178082640442,0,1361.6907427706064
16.67405450440816,1,2284.327992087743
22.08615836752701,0,1522.6583294225081
31.56327241316635,1,1746.1813245232436
17.062863837029433,0,1735.3402292503606
33.08670085321103,1,1525.1304925959566
23.42352434860582,1,1836.7574110229446
29.84212313833911,0,981.2059267629568
24.62569381108925,0,1198.0146144619125
18.250959179386296,0,1575.6254545726397
47.68039881329705,0,810.3649230348517
39.36226073718924,1,1291.242922748123
11.305092909490366,1,2070.8093597450065
44.081058915406075,0,677.6738243091372
26.934403921228114,1,1812.2092321489795
45.25485021023411,0,353.5835304662682
40.99348651762919,0,310.9592138436768
24.134607701115506,1,1665.854399068218
6.011118874405283,1,2075.5239485850093
17.090481172322573,1,1885.657525300861
29.373539659739013,1,1589.2377464443355
33.50651989217663,1,1404.1547214300983
16.604945844494104,1,2292.3451315593256
11.271023333277085,1,2227.2182529221514
42.57186065596846,0,782.9390522431119
49.29809813165985,0,645.4984848588848
28.656058203620862,0,912.5516303352205
12.725567863173659,0,1826.055321588844
17.253829693371603,0,1467.2322518917597
5.827580444636003,1,2459.2687101091624
46.143446295222454,0,401.32516453529536
10.298798730056351,0,1380.2842848950968
30.94324139814141,0,1235.2806896607635
17.33248493092427,0,1555.3073572917754
29.938010113210705,0,921.4493857321768
34.31391747583389,0,796.6498594700445
42.33838116682407,0,954.9355218782318
14.288957229227144,1,1833.44890454972
5.494812289631621,1,2663.690221962244
11.159853353096327,0,1485.0802524775365
45.50083888316473,1,1262.6532186267348
44.32505349031319,1,1104.5247001408075
31.883589597663875,1,1664.1297982865524
32.0232587195144,1,1430.4794379917294
34.9266503545815,0,919.6419081480963
12.891707538055233,1,2121.432608937487
46.14853756662319,1,915.1063818450098
23.84467362014329,1,1932.8246604797264
22.241233771227385,0,1230.1202735688614
28.35129673772769,0,1103.7411148001656
7.113468504877477,0,1587.7260699319734
12.482751594023574,0,1113.0507204202308
38.21151273918667,0,815.4490653043662
8.72594005663069,0,2220.7448826236623
32.14184492598747,0,1192.6655097999806
16.040709935659443,1,2014.9266259833378
22.518302631888943,1,1771.872755201678
17.991218154681494,1,1964.7566339219645
21.00527224092271,0,1479.2656558073606
37.357065733291044,0,643.1254649394997
18.370477203042874,0,1671.7500228424883
30.488208813360373,0,1228.4299986874378
26.422268098959485,0,1350.9691021728024
34.86520244131917,1,1541.7390745223704
47.15733826961411,1,1089.2031834503748
37.965744374461266,0,995.5999159595259
14.672317036584055,0,1678.1933156507541
6.40324107775781,0,1737.0946254790608
16.80188199349213,0,1381.2231856158558
31.77850688151147,1,1567.0160526070533
7.314161606791266,0,2090.3791820952993
27.336481124055634,0,932.0841511475508
31.857928201260016,0,750.7571008117116
20.040975086763236,0,1431.7229156444064
39.69104916856199,1,1319.446065314344
9.796921391019731,0,1740.7606911434898
8.381200178111394,0,1797.3546342383584
37.76849402916215,1,1322.3047281981746
27.29710922927893,1,1979.0594108420485
35.978107839248125,1,1100.475969127253
24.56723023716858,0,1097.2836879288934
16.088091495759805,0,1496.7063030973964
41.85960429533899,1,915.5741089089968
40.97371455360407,1,1235.6176825054636
36.26134118844921,1,1744.4537974921275
17.246531175348323,1,1986.7813623987427
31.56038000910892,1,1599.3287808704692
21.243825362301205,1,1610.6522860964478
9.121193299698536,0,1603.0919194011483
46.279110895800926,0,536.5873970611849
11.156838391353263,0,1601.7518289081552
47.76068092193611,1,1323.5083313426705
25.070259783108007,1,1859.4304186517847
